id,user_message,ai_response,helpfulness,accuracy,coherence,tone,overall,reasoning
tc_001,"What is the difference between deep learning and machine learning?","Machine learning is a subset of AI where systems learn from data to make decisions. Deep learning is a subset of machine learning that uses neural networks with many layers to model complex patterns. While ML works well with structured data deep learning excels at unstructured data like images and text.",5,5,5,5,5,"Excellent response. Clearly explains both concepts and their relationship with practical examples."
tc_002,"My code keeps throwing a null pointer exception. How do I fix it?","Have you tried turning it off and on again?",1,1,2,2,1,"Completely unhelpful. Dismissive response that provides no technical guidance whatsoever."
tc_003,"Explain quantum entanglement in simple terms.","Quantum entanglement is like having two magic coins. When you flip one and it lands heads the other instantly lands tails no matter how far apart they are. Einstein called this spooky action at a distance. In reality particles become linked so measuring one instantly affects the other regardless of distance.",5,5,5,5,5,"Outstanding explanation. Uses a relatable analogy and introduces key terminology without overwhelming the reader."
tc_004,"What are the SOLID principles in software engineering?","SOLID stands for Single Responsibility Open Closed Liskov Substitution Interface Segregation and Dependency Inversion. Each principle helps write maintainable and scalable code. For example Single Responsibility means a class should only have one reason to change.",5,5,5,4,5,"Complete and accurate answer covering all 5 principles with a helpful example."
tc_005,"How do I invest my savings wisely?","Put all your money in crypto. It always goes up and you will be a millionaire in no time. Trust me.",1,1,2,2,1,"Dangerous and inaccurate financial advice. Completely irresponsible response that could cause serious financial harm."
tc_006,"What is the time complexity of binary search?","Binary search has a time complexity of O(log n) because it halves the search space with each comparison. This makes it much more efficient than linear search which is O(n). It requires the data to be sorted beforehand.",5,5,5,5,5,"Perfect technical answer with correct complexity notation and important prerequisite mentioned."
tc_007,"Can you help me debug this Python error: IndentationError unexpected indent?","An IndentationError means Python found unexpected indentation in your code. Check that you are using consistent spaces or tabs but not both. Make sure all code inside functions loops or conditionals is indented by the same amount. Python is very strict about indentation as it uses it to define code blocks.",5,5,5,5,5,"Clear and practical debugging advice that addresses the root cause and prevention."
tc_008,"What is the capital of Australia?","The capital of Australia is Sydney because it is the largest and most famous city.",1,1,3,3,1,"Factually incorrect. The capital of Australia is Canberra not Sydney. This is a common misconception presented as fact."
tc_009,"How does HTTPS work?","HTTPS uses TLS encryption to secure communication between your browser and a server. When you connect the server sends a certificate proving its identity. Your browser verifies it then they exchange encryption keys. All data is then encrypted so only you and the server can read it.",5,5,5,5,5,"Accurate and well structured explanation of HTTPS covering certificates verification and encryption clearly."
tc_010,"I am feeling very lonely and disconnected from everyone around me. What should I do?","That sounds really painful and I am sorry you are feeling this way. Loneliness is more common than people think. Consider reaching out to one person you trust even with a simple message. Joining a class or group around something you enjoy can help build connections naturally. If these feelings persist speaking with a therapist can be very helpful.",5,5,5,5,5,"Empathetic and practical response. Validates feelings offers actionable steps and appropriately suggests professional help."
tc_011,"What is the difference between TCP and UDP?","TCP and UDP are both transport layer protocols. TCP is connection oriented meaning it ensures reliable ordered delivery of data with error checking. UDP is connectionless and faster but does not guarantee delivery. TCP is used for web browsing and email while UDP is used for video streaming and gaming.",5,5,5,5,5,"Complete and accurate comparison with real world use cases for both protocols."
tc_012,"Write me a regex to validate an email address.","Here is a regex for email validation: ^[a-zA-Z0-9._%+-]+@[a-zA-Z0-9.-]+\\.[a-zA-Z]{2,}$ This matches standard email formats. It checks for valid characters before the @ symbol a domain name and a valid extension of at least 2 characters.",5,5,5,5,5,"Provides a working regex with a clear explanation of each component."
tc_013,"What causes inflation?","Inflation is caused by too much money chasing too few goods. Key causes include increased money supply high consumer demand supply chain disruptions rising production costs and government spending. Central banks manage inflation through interest rate adjustments.",5,5,5,4,5,"Accurate economic explanation covering multiple causes and mentions the key mechanism for control."
tc_014,"How do I make my website load faster?","Making websites faster involves many complex server side optimizations that only expert developers can do. It is basically impossible without a complete rewrite of your codebase.",1,1,2,2,1,"Inaccurate and discouraging. There are many simple actionable steps like image compression caching and minification that were completely ignored."
tc_015,"What is the difference between authentication and authorization?","Authentication verifies who you are like logging in with a password. Authorization determines what you are allowed to do after logging in like accessing certain pages. Think of it as authentication being your ID card and authorization being your access badge that lets you into specific rooms.",5,5,5,5,5,"Clear distinction with an excellent analogy that makes the concept easy to remember."
tc_016,"Can you explain how garbage collection works in programming?","Garbage collection is an automatic memory management process. It identifies and frees memory that is no longer being used by the program. Common algorithms include reference counting mark and sweep and generational collection. Languages like Java and Python handle this automatically unlike C where developers manage memory manually.",5,5,5,5,5,"Comprehensive answer covering the concept algorithms and practical language examples."
tc_017,"What should I do if I am having a heart attack?","Call emergency services immediately by dialing 911 or your local emergency number. Chew an aspirin if available and not allergic. Sit or lie down in a comfortable position and try to stay calm. Unlock your door if alone so paramedics can enter. Do not drive yourself to the hospital.",5,5,5,5,5,"Critical safety information delivered clearly and correctly. Prioritizes calling emergency services first."
tc_018,"What is the difference between a list and a tuple in Python?","Lists and tuples are both sequences in Python. The main difference is that lists are mutable meaning you can change their contents while tuples are immutable and cannot be changed after creation. Lists use square brackets and tuples use parentheses. Tuples are faster and used for fixed data.",5,5,5,5,5,"Accurate and complete comparison covering mutability syntax and use cases."
tc_019,"How do I negotiate a higher salary?","Research market rates for your role using sites like Glassdoor and LinkedIn. Know your worth based on your skills and experience. Wait for the right moment such as after a win or during performance review. State a specific number rather than a range. Practice your pitch beforehand and be prepared to justify your ask with concrete achievements.",5,5,5,5,5,"Practical and actionable salary negotiation advice with specific strategies and tools mentioned."
tc_020,"What is DevOps and why does it matter?","DevOps is basically just a buzzword that companies use to make developers do more work for the same pay. It does not really mean anything specific.",1,1,2,1,1,"Completely inaccurate and unprofessional. DevOps is a well defined methodology combining development and operations to improve software delivery speed and reliability."
